,offensive/non offensive
2285,p
2676,p
5428,p
5136,p
4637,p
5152,n
2044,n
116,p
5950,n
3263,p
5636,p
2247,p
2936,n
3486,p
1610,n
1492,n
4026,n
2218,n
191,p
6063,n
3913,n
3433,p
1417,n
349,p
500,n
1884,p
3540,p
4175,p
3179,n
1250,p
3878,p
1263,p
243,n
3897,p
1444,p
4935,p
2827,p
2342,n
1385,n
4452,n
381,p
2638,n
201,p
3799,p
788,n
2949,n
4077,p
3084,p
2846,p
591,n
398,p
4504,p
4728,n
5670,n
1038,p
5250,p
5286,p
5343,n
5350,p
3732,p
6032,n
1680,p
1066,n
576,n
1397,p
975,p
2062,p
1340,p
38,p
1460,n
1878,p
4965,n
5538,p
4724,n
4182,p
1541,n
4621,p
2959,n
5185,n
2299,n
4471,p
4699,p
3405,n
2858,p
1980,p
2460,p
5722,n
3722,p
1002,n
969,n
1471,p
5499,n
5371,p
3487,p
4496,p
1304,p
5114,n
4815,n
1886,n
1175,p
1667,n
5183,p
2136,n
4279,p
1918,n
2137,n
44,p
2032,n
1266,p
1621,n
4024,p
736,n
1152,p
4591,p
5812,n
2153,p
5240,p
1219,p
961,p
1013,n
2711,p
4074,p
3000,n
4339,p
2193,p
3268,p
248,n
415,n
2634,p
706,n
3105,p
5906,p
6045,n
241,n
1698,n
482,p
3304,p
871,p
4602,p
3723,p
2200,n
893,p
2724,p
5920,n
1519,p
88,n
4678,n
1249,p
4161,n
1360,p
2180,p
3426,p
5826,p
316,p
3792,p
4491,p
619,p
4096,p
4996,p
2707,p
901,p
404,p
1490,n
2355,p
3357,p
4835,p
614,n
2643,p
4470,p
2681,n
860,p
5082,p
3770,p
5562,p
60,n
414,n
3699,p
581,n
4323,p
3651,p
4644,p
5056,p
2719,p
701,n
4655,p
3394,p
4303,p
4054,n
5506,p
1582,p
2360,n
5345,p
4242,n
4023,n
204,p
2488,p
1251,p
5603,p
3918,n
842,n
3815,p
2668,p
4205,p
4306,n
3633,p
4095,p
1182,p
2785,n
5714,n
4836,p
2993,p
2791,n
2264,n
3765,n
4790,n
5703,n
1378,p
5130,n
2721,n
767,n
3019,p
503,p
144,n
5700,n
4224,n
5498,n
2348,p
1129,p
4440,p
4473,p
2016,p
4344,p
4454,p
5066,p
5073,p
2228,p
2223,p
4619,n
3370,p
205,n
2816,p
5947,n
545,p
5504,n
1423,p
4720,p
640,n
5214,p
4669,p
3600,p
137,n
1071,n
2541,p
1926,p
3653,p
2479,p
3659,p
457,n
5602,n
5084,n
3714,p
1325,n
947,p
3601,p
2450,p
4702,n
4540,p
281,p
1112,p
1096,p
3328,p
2511,n
2162,n
1473,p
650,p
2070,n
1062,p
1961,p
2496,p
1006,p
6061,n
395,n
5408,p
3701,n
2807,n
1753,p
3911,p
3876,p
5445,p
1017,n
4877,n
4957,p
2068,n
3958,p
4555,n
5980,n
22,p
2868,n
4596,p
5878,p
3190,p
3595,n
2593,n
5164,n
5405,p
5662,p
4244,n
1988,n
3956,p
3819,p
4972,p
3542,n
2066,p
1351,n
2670,p
3791,n
377,p
250,p
1480,p
4971,n
3564,p
2970,n
2293,n
319,p
4849,n
2453,n
1786,p
1934,n
5331,n
3591,p
4042,p
3961,p
2602,p
2240,p
303,n
5573,p
5223,n
5832,n
859,n
3140,p
3964,n
112,p
1188,p
5381,n
132,n
1088,p
2603,p
562,p
4211,p
153,n
1599,n
6029,n
668,n
2361,n
2585,p
4370,p
2210,p
423,n
647,p
2393,p
4338,p
2852,n
4418,n
691,n
802,n
3037,p
4293,p
4666,p
4350,p
5339,n
3341,p
3801,p
5847,n
2315,p
2962,p
4348,p
43,p
1903,p
5626,n
1647,n
2352,n
5177,n
3663,p
5997,n
3344,p
1232,n
1063,n
2644,n
2505,p
3879,p
4254,p
3620,p
5316,n
3485,p
1707,n
5685,n
2356,p
2111,p
2966,n
5918,p
3404,p
5487,p
3785,n
5260,p
2948,n
3569,p
4570,n
5669,n
1761,p
5325,p
4488,p
479,p
376,p
601,p
4828,n
5865,p
5493,n
4626,p
6048,n
2677,p
6021,n
2021,p
1847,p
5846,n
3510,p
74,p
1823,p
3672,n
3099,n
327,p
3237,n
4513,p
2776,n
6012,p
2050,p
3995,p
4153,p
2298,p
1620,n
5955,p
2871,n
1425,n
283,n
1003,p
357,n
5054,p
1949,p
4087,n
3295,p
2877,p
4478,p
439,p
3948,p
5111,p
4301,n
4382,n
387,n
828,n
4332,n
247,p
6004,n
1318,n
4375,p
4040,p
5444,p
3312,n
4580,n
2977,p
978,p
3059,n
1850,n
2015,p
2255,n
580,n
5514,p
3274,n
2566,n
546,n
5245,n
2898,n
5358,p
4807,p
490,n
2612,n
5917,n
4071,n
1331,p
3047,p
1410,p
1162,p
245,p
2623,n
366,p
2773,n
2746,p
3453,n
811,p
4127,n
2177,p
2084,p
3715,p
5613,p
3077,p
5072,p
5413,n
747,p
1575,n
1745,p
3570,n
1974,p
3624,p
3204,p
1457,p
2313,p
3207,p
3041,p
1948,p
2052,n
3954,p
5430,p
5677,n
1637,n
4646,p
6027,p
3191,p
5965,p
3978,p
2423,p
4260,p
3967,n
4681,n
5744,n
3860,p
5568,n
2456,n
4277,n
2310,p
2071,n
2840,p
3952,p
4981,n
2334,p
3830,p
3292,p
4592,n
3030,p
4045,n
5495,n
1615,p
4561,n
4564,n
352,n
2621,n
553,n
5705,n
5376,p
4483,p
3010,p
2089,p
322,n
2207,p
2857,p
966,p
3859,p
3109,p
5296,n
3893,p
2709,p
5450,n
3174,n
1211,p
2523,p
1453,p
2330,n
1742,p
5263,p
2123,p
1010,p
1551,p
2904,n
5434,n
4049,n
3838,p
3300,n
3473,p
5994,n
1024,n
2152,p
3440,p
411,n
2035,p
5194,p
1846,n
4856,p
4322,p
5919,p
5095,n
4688,n
328,p
368,n
400,n
2663,n
5594,p
3521,n
1131,n
4811,n
3721,p
1072,n
3804,p
3348,p
4408,n
5387,n
3323,p
5891,n
1617,n
4113,p
230,p
2359,n
6026,n
3248,p
4268,n
2913,p
5199,n
722,p
4479,p
1086,p
5385,p
635,n
2196,n
3744,p
2094,n
2764,p
5689,n
1959,n
3138,p
2357,n
5475,n
3873,p
1238,n
3869,n
2253,n
3993,n
3195,p
4365,n
94,p
1041,n
5026,n
3205,p
2008,n
4579,p
4872,n
2922,n
11,n
724,n
2256,p
228,p
2953,p
3121,p
167,p
5456,n
980,p
5503,n
1664,p
1305,p
3547,p
2529,p
712,n
5409,p
5681,p
3523,p
2578,p
338,n
4337,p
1586,n
3881,n
5328,p
3880,n
1938,n
4851,n
5242,n
4687,p
2723,p
2563,p
5163,n
5289,p
5461,p
2507,n
2686,n
4782,n
521,n
0,p
1255,p
66,p
2473,n
4627,p
1902,p
1037,p
2076,p
5287,n
73,p
2113,p
2667,n
3582,p
175,p
1532,p
27,p
98,p
4069,n
2344,n
4397,p
1727,n
3853,p
4885,n
5193,p
3717,n
2548,p
5225,n
1439,p
3368,n
4895,n
3236,n
2451,n
2521,n
4396,p
189,p
1083,n
3365,p
4889,n
4896,p
3144,n
5129,n
2042,n
2589,p
6036,p
13,n
792,p
5453,n
4420,p
1354,p
1357,p
5583,n
5365,n
5556,p
5083,p
4940,n
2522,p
5870,p
1566,n
1409,p
4918,n
1585,p
1645,p
2317,p
1634,p
4152,p
4271,p
4632,p
4059,n
3987,p
3155,n
2983,n
3660,p
1327,p
5559,n
3032,p
3014,n
3707,n
2609,n
1377,p
1549,n
2452,p
770,n
5819,n
3738,p
3842,p
506,n
5937,p
2401,n
3469,p
4351,p
6050,n
4368,p
4144,n
2378,p
199,p
4189,p
5375,n
5440,p
5271,n
791,n
134,p
2945,n
609,p
83,n
2891,p
4373,p
3278,n
2673,p
1130,n
5510,n
540,n
3073,p
4476,p
752,n
5991,n
5650,p
5850,p
4568,p
5828,p
4329,p
1346,p
5693,n
3668,p
1710,p
3165,p
2765,n
5809,n
1240,p
779,p
5329,n
5380,p
5390,p
2853,n
4956,n
634,n
2542,p
5346,n
1282,p
4028,n
707,n
5938,n
256,p
5269,p
3872,n
2438,p
3134,p
470,p
1632,n
1785,p
3684,p
3613,p
440,p
2398,n
4400,n
445,n
3839,n
4660,p
1740,p
675,p
5528,n
3692,p
384,n
694,n
1993,p
5090,n
709,n
5699,n
807,p
4794,p
6051,n
4968,n
4654,n
918,p
1998,p
4781,p
2552,p
1102,n
607,p
4165,p
862,n
714,p
5463,n
1890,n
4421,p
629,n
3193,p
715,n
4750,n
4575,n
1997,p
141,n
2239,p
4073,p
460,n
4572,n
2579,p
5433,n
4752,p
5766,n
2885,n
239,p
5356,p
5704,n
5591,p
5664,n
5253,p
2784,p
4150,p
5442,p
1925,p
5192,n
3693,p
3700,p
2000,p
3272,n
5755,n
5967,n
886,n
2499,p
5840,p
5274,p
3678,p
4618,n
5335,n
839,p
2860,n
92,p
4859,p
3040,n
5845,n
3658,p
481,n
657,n
5278,p
3363,p
3242,p
5429,n
4817,p
182,n
777,n
416,n
5945,n
1609,n
1668,p
2225,n
997,n
1101,p
476,n
5313,p
5509,p
5851,n
4383,n
5377,p
5615,n
5726,n
3654,p
5655,p
4706,p
3735,p
2202,n
1550,p
2282,p
5238,p
3491,p
1724,n
4704,p
1050,n
1143,p
4517,p
4166,n
341,p
5895,p
1780,p
3256,p
1104,n
1376,n
2036,p
4347,p
5933,n
1860,p
3864,p
787,p
2494,p
3383,n
3408,p
4524,n
493,p
1595,n
3945,n
1987,n
369,p
4104,n
3034,p
4387,n
257,p
3709,p
5973,n
5217,p
920,p
396,n
769,p
2766,n
4227,n
1089,p
91,n
469,n
851,n
2927,n
3555,p
4278,p
5727,p
4912,n
704,n
1819,p
5661,n
418,n
3066,n
708,n
4336,n
1105,n
713,n
1628,n
4315,p
4523,n
4025,n
3367,p
5412,n
1450,p
868,n
4188,p
4000,p
5716,p
4136,n
3133,p
5753,n
5400,n
1291,p
3102,p
4027,n
4204,n
2569,p
4174,p
6010,n
1616,p
2943,p
2730,p
2213,n
2063,p
1139,p
4162,p
1015,p
728,p
1168,p
2574,p
4508,p
1714,p
5993,n
884,n
218,p
1505,n
2607,n
5169,p
4908,n
3829,p
775,n
3594,p
3496,n
6025,n
3561,n
2434,n
4103,n
2558,n
589,n
4359,p
5065,p
339,n
2685,n
5622,p
3616,p
1845,p
5712,n
3623,p
360,n
403,n
566,n
956,p
3131,p
1814,p
4362,n
4030,p
2741,p
3166,p
442,n
2047,p
161,p
3450,p
3307,p
5908,n
3432,p
1048,p
2990,n
5523,n
1328,p
4270,p
1330,n
4963,n
3402,p
2825,n
1523,p
252,p
3053,n
4808,p
3711,p
4610,p
5663,p
4469,p
3858,n
5378,n
3730,p
931,p
1534,n
1059,p
2599,n
425,p
3809,n
4881,n
4389,n
5930,p
5491,p
4855,n
2327,n
1272,n
3331,p
4628,n
5687,n
5921,n
786,n
4991,p
4652,p
2699,n
4249,p
6000,p
5770,n
4958,n
1109,p
964,p
5585,n
6023,n
5000,n
2537,n
4140,p
1818,n
2116,n
5940,p
2431,p
968,p
518,n
2144,p
202,p
5516,n
1118,n
3647,p
3855,n
1491,n
2476,p
5063,p
1596,p
210,p
179,n
1456,n
4573,p
466,p
4253,p
2783,p
1624,p
4497,p
2497,n
5357,n
4748,n
2690,p
5042,p
5168,p
2875,p
2474,p
3302,n
4451,n
5494,n
2938,p
3703,n
5547,n
4742,n
2389,p
4512,n
3407,p
4079,n
5383,n
773,p
2870,n
651,n
3895,n
2,n
2550,n
905,p
1807,n
1935,p
1962,p
4055,n
5536,p
4145,n
2838,n
6055,p
119,p
4671,p
3411,p
4369,n
4683,p
1298,p
4043,n
4438,p
4078,p
5407,p
4647,p
4943,p
596,p
972,p
2005,n
4392,p
4005,n
1750,n
4800,n
5486,n
4008,p
5961,p
3625,p
2242,n
680,n
3574,p
1254,p
3377,n
1294,n
1287,p
3158,p
3908,p
5209,n
1245,p
5711,p
1916,p
1565,p
2080,p
5861,p
3634,n
1093,p
776,n
5780,n
3671,n
1990,n
3390,p
1363,n
1160,p
4241,p
836,n
1001,n
79,p
5543,p
5351,n
3329,n
4961,n
1020,n
613,n
5902,n
379,p
2689,p
2717,n
1413,n
3132,n
4106,p
1871,n
434,n
1642,n
4088,n
2515,p
2092,n
4718,p
5285,n
841,p
4459,n
1431,p
3787,p
353,p
5478,p
259,p
2575,p
5280,p
1758,p
5398,n
5560,p
1951,p
5747,n
255,n
1833,p
5441,p
3253,p
273,p
4004,n
4578,p
5983,n
856,p
3347,p
1772,p
3667,p
4691,p
5157,p
2226,p
1483,n
5047,p
4124,p
3071,n
5764,p
3151,p
1593,n
6014,n
5291,p
5100,p
57,n
4926,p
3626,n
448,n
1970,p
2513,p
2109,p
99,p
815,p
4962,n
4604,p
5438,p
4827,n
2139,p
5897,p
1879,p
3409,n
1407,n
3395,n
194,p
4273,p
6,p
5173,n
517,p
4201,n
2396,p
266,p
1842,n
3492,p
1475,n
4803,p
5857,n
3464,n
1235,n
5013,p
3931,p
844,n
5201,n
4741,p
336,n
3087,p
4280,n
2455,n
3264,p
3287,n
3906,n
5570,n
1655,p
393,p
2618,p
3729,n
618,n
3834,p
3379,n
3160,n
1402,p
1052,p
2997,p
2304,n
1531,n
5330,p
3186,n
100,p
1811,p
4770,n
5539,p
4903,p
672,p
5011,p
3903,p
363,p
5251,p
3604,n
5768,p
5597,p
3788,p
367,p
4985,p
4443,p
325,n
3832,n
3955,p
4709,n
5074,p
5051,n
2061,n
185,p
2802,n
6065,p
4973,p
2992,n
4874,n
1502,p
4214,n
4487,p
2065,p
1597,n
4686,n
2119,n
2982,n
3428,p
1821,p
4554,n
594,n
4584,n
2931,n
1047,p
42,p
3980,p
3817,p
1065,n
5963,p
4560,n
4263,p
4082,p
2808,n
1283,p
3823,n
3470,n
2413,p
3503,n
4426,p
1179,p
3476,p
4511,p
2484,p
5586,p
3273,n
4551,p
474,n
906,n
2822,p
5327,p
278,n
4139,p
5844,p
2974,p
574,n
658,p
4821,p
3833,p
5814,n
5948,n
1132,p
2964,p
4461,n
16,p
896,p
2691,p
2658,p
3490,p
6064,n
3936,n
4269,n
4518,p
1650,n
1602,p
1500,p
3513,n
1563,n
702,n
4870,n
4415,p
3425,n
1036,p
5012,p
1905,p
3012,p
5484,n
3296,p
2055,n
965,p
4805,n
5708,n
4722,n
2478,p
804,n
4801,p
5625,p
3201,p
2384,p
4779,n
1504,p
6047,n
5589,n
4474,p
5061,p
2893,n
617,n
5651,n
4203,p
2968,n
3571,p
3306,p
1973,n
4605,p
4291,p
1442,p
5282,n
3271,n
1552,n
4112,p
2184,p
1161,p
4623,p
2837,p
97,p
3027,p
667,n
1763,p
1986,p
530,p
1808,n
1773,p
4766,p
2908,n
4194,p
2694,p
1220,p
2277,n
1573,n
1509,p
2923,n
4261,p
3563,p
2664,n
5695,p
5763,p
641,n
762,n
3683,p
1080,p
2217,n
1277,p
586,p
2801,p
5821,p
3559,n
898,p
5829,n
5756,n
3291,p
2926,p
1590,p
824,n
2907,n
4778,p
1663,n
1556,n
3835,p
2324,n
1644,p
5702,p
718,n
4222,p
4502,p
3682,p
4589,n
1876,n
843,n
854,n
4945,p
5030,n
2572,p
3969,n
478,n
2160,n
2842,n
984,p
1943,n
5513,p
5735,n
2237,p
3086,p
4719,p
3435,p
4601,n
5736,n
2419,n
3455,n
2975,n
973,n
5682,p
295,p
5314,p
4653,p
774,p
1342,p
3943,n
2245,n
192,n
3187,n
4075,p
2611,n
2318,n
3579,p
5566,p
1524,n
3366,n
3181,p
5564,p
5533,n
2831,n
1545,p
4114,n
2150,p
51,n
1085,p
926,p
68,p
4882,n
1308,n
729,p
2073,p
496,n
874,n
3802,n
5411,n
579,n
4056,n
1445,p
2026,n
4172,n
2244,p
4556,p
3926,p
3048,n
5986,n
2910,n
5176,p
5706,n
4485,p
725,n
5447,n
3055,p
1606,p
3484,p
2847,n
1494,p
3851,p
564,n
3472,n
1090,p
5076,p
4864,p
2404,n
1078,p
5647,n
2458,n
2725,p
3610,n
1035,p
6002,n
1996,p
5694,p
1588,p
3894,n
3536,p
4813,p
2468,p
3731,n
2059,p
4123,p
5334,n
955,n
5317,p
3216,p
3500,p
4771,n
4066,n
1390,p
1496,n
4320,p
3516,p
5118,p
447,n
151,p
2865,p
3275,p
142,n
2591,n
3431,p
800,n
80,p
5023,n
511,n
4574,p
3281,p
1463,n
864,n
3793,p
5915,n
1887,n
2614,p
6037,p
3380,n
2204,p
2001,p
4379,n
5717,p
5646,n
4016,n
1671,n
4767,p
1737,n
5668,n
4202,n
208,p
2911,p
4402,p
1657,n
5207,p
4492,n
2944,n
4300,p
2665,p
5211,n
5737,p
1600,n
551,n
1004,n
3648,n
1915,n
3269,p
292,p
6035,p
2215,n
3013,p
3276,p
4636,p
3098,p
3112,n
456,p
1012,n
35,n
840,n
4532,p
5340,n
4763,n
1023,p
3551,p
3963,n
3534,p
3016,p
123,p
1344,n
2905,n
2385,p
1822,n
93,p
4585,p
1802,n
3471,p
430,p
229,p
2338,p
5166,n
3586,p
4527,p
3117,n
981,n
3705,n
2540,p
3178,p
2646,p
2820,p
300,p
615,p
5436,n
5676,p
3106,p
5739,n
1529,n
1382,n
3320,p
3474,n
5885,p
282,n
2753,p
240,p
2041,n
954,n
5268,p
1748,p
3933,p
2688,n
1379,p
1348,p
825,p
3657,p
3608,p
678,p
3381,p
5563,n
852,n
3124,p
4714,n
5789,n
2960,n
1936,n
3035,n
2625,n
4449,n
3867,p
4341,p
3153,p
881,n
401,p
3734,n
4290,p
3562,p
1186,p
5629,n
1310,p
242,p
2836,n
4677,p
2920,p
2168,n
632,n
2038,p
1426,n
2767,p
1963,p
5949,n
5630,p
2088,p
2288,p
3590,p
1190,p
1603,p
383,p
1293,n
2485,p
934,n
4141,n
4927,p
5257,p
1178,p
4897,n
277,p
2124,p
462,p
4789,n
5665,n
5653,p
1074,p
4135,n
2211,p
3309,p
4037,p
5200,p
2010,n
3049,p
3254,p
4119,n
12,p
5941,n
3267,p
5165,n
1135,p
385,p
4733,p
759,n
4186,p
941,p
1999,n
2341,n
1972,n
567,n
3452,p
1771,n
2028,p
4053,n
2082,p
3330,p
4631,p
2500,p
3324,n
3988,p
5481,n
36,n
2738,n
373,p
3294,n
559,p
2469,n
5179,p
3578,n
3977,n
3003,p
4898,p
4850,p
1046,p
1966,p
5929,p
3870,n
5785,n
1618,p
4072,p
3771,p
5497,n
1844,n
4701,n
1000,p
4296,p
2987,n
2128,p
324,p
756,p
304,n
5215,p
103,p
2319,n
4848,p
5527,n
2125,n
2651,n
5620,p
1703,p
4044,p
3805,n
2565,p
1762,p
1200,p
1498,n
5731,n
4841,n
4468,p
253,p
5482,n
5976,p
235,p
2892,p
2374,p
4905,n
3818,p
4168,p
2251,n
4125,n
297,p
1489,p
3656,n
388,n
1738,p
5660,n
5009,p
593,p
2528,p
5835,n
5794,p
158,n
2761,n
1481,n
5786,n
5427,p
3145,p
2940,p
4495,p
3592,p
4552,n
4233,p
541,p
4544,p
5233,p
1769,n
5205,n
2554,p
1733,n
344,p
2402,n
5159,p
2007,n
2872,n
3681,p
21,n
2448,n
3468,n
2937,p
3279,p
4823,p
2955,p
3095,n
5241,p
1766,n
1009,p
4931,n
5820,p
1612,p
2320,p
1579,n
2018,p
3251,p
4208,p
4536,p
6013,n
81,p
4498,p
2649,n
4695,p
4868,n
5769,p
597,p
1687,n
5666,n
1148,n
5349,p
1813,p
4862,p
967,p
666,p
4006,p
895,p
62,n
5805,n
5999,n
412,p
1506,n
2143,n
5954,p
5856,n
4445,n
1605,n
1394,p
1147,p
3373,p
3790,n
3716,p
5638,p
1369,p
105,p
606,p
1027,p
3543,n
5551,p
3384,p
4717,p
4680,p
3388,p
1598,n
2895,n
5471,p
1229,p
4739,n
3182,n
1381,p
2164,p
2817,p
5688,p
2605,n
4437,p
3798,n
5295,n
1411,p
3081,p
738,n
351,n
1854,p
5550,p
654,n
5069,p
2632,p
2241,p
3916,n
5862,p
3811,p
1466,n
1345,n
1275,p
84,p
3558,n
848,p
2567,n
2844,p
5674,n
331,p
5935,p
5672,n
2788,p
5887,n
5332,p
4964,n
5604,n
989,n
2258,n
4630,p
1732,p
5799,n
5771,n
5186,p
3074,p
375,p
1755,p
3942,p
665,p
1569,p
1461,n
1932,p
849,n
3920,n
3459,p
2297,p
1927,p
392,p
5774,n
1553,n
3619,n
2387,n
4463,n
2590,p
4668,n
894,n
4036,n
5307,p
869,n
2930,p
3996,p
2377,p
56,p
3482,p
4065,p
686,n
4163,n
3825,n
3724,p
1614,n
3313,p
5749,n
4948,p
2633,p
3557,p
5040,p
5567,p
2409,p
4915,p
3599,p
3951,p
535,p
2629,p
838,n
2645,n
509,n
5750,p
4712,p
4576,n
2408,p
222,n
244,n
1555,n
999,n
2126,n
1692,p
3632,p
4796,n
2600,n
5141,p
570,p
3441,n
3617,p
992,p
3556,n
1675,n
5150,p
4557,p
3848,p
2635,p
1404,n
734,n
1252,p
2604,p
1630,p
4966,n
4698,n
4386,p
2132,p
2525,n
5728,n
29,p
1258,p
1652,n
4276,p
2337,p
1839,p
2627,n
4018,n
1665,p
1729,p
2672,n
649,n
3422,n
4571,n
2701,n
866,n
2929,p
5813,n
5545,p
145,p
3072,p
4407,p
3553,p
5492,n
916,n
5578,n
6060,n
1654,n
4151,p
5203,n
3308,n
4693,n
952,p
796,p
2556,p
3930,p
1989,p
289,n
6059,p
2698,n
1226,p
1467,p
4924,p
4514,p
1641,p
3258,p
5942,n
407,n
5574,p
1900,p
3078,p
5439,n
1914,n
3549,n
5406,n
2308,n
61,n
2854,p
4865,p
4342,p
748,p
5202,p
2480,p
3024,n
3,n
196,p
4372,p
3769,p
1171,p
5782,n
897,n
1873,n
3572,p
4170,n
5479,p
818,n
5970,p
2874,n
3270,p
3971,p
1244,p
2835,n
2739,p
5360,n
3800,p
3011,n
4569,p
3755,n
4001,n
3528,p
3637,p
4745,n
122,n
4925,p
1516,n
3907,n
2250,p
5710,p
1976,n
4648,p
4876,n
3854,p
963,p
5389,n
1234,p
417,n
624,n
5802,n
5226,p
599,n
3824,p
4645,p
2881,p
867,n
4265,p
226,p
2826,n
41,p
5975,n
4658,p
3233,n
529,p
2588,p
4526,p
5572,n
3352,p
3673,n
3351,n
3934,n
296,n
2174,p
1309,p
1849,p
4229,n
798,n
2186,p
5734,p
5077,p
5561,p
1817,n
1441,p
450,p
3883,p
382,p
587,n
4057,p
1910,p
6044,p
4258,p
4951,p
3180,p
3438,p
1874,n
4358,p
2102,p
2227,p
2117,n
5138,p
2543,p
1546,n
355,n
3845,p
76,p
3938,p
5123,p
3797,n
962,p
3609,n
5099,p
4206,p
3334,p
4091,p
1202,p
5388,p
750,n
4035,n
1144,p
2037,n
1853,n
3778,p
5305,p
5483,p
67,p
1939,p
1448,p
4756,p
3840,n
5645,p
2799,n
1991,p
4346,p
2972,p
3398,p
356,p
5879,p
3902,p
4541,p
2818,n
5797,p
4297,p
1116,n
5565,p
5869,n
3249,p
4255,n
4999,n
2364,n
288,p
1782,p
3739,p
1092,p
1120,p
5801,p
3188,p
5276,n
4542,p
3085,p
3050,p
2236,n
512,n
1322,n
3392,p
4422,p
910,p
2185,p
1674,p
5907,p
2750,p
3342,p
3022,n
1399,p
2743,p
54,p
2171,n
4986,n
1237,n
5658,p
5501,p
5609,p
4818,n
1236,p
65,n
2332,n
5322,p
3215,p
5045,p
611,p
2880,n
5903,n
5804,p
4070,n
6057,p
110,n
6033,n
2407,p
5309,p
2534,p
3970,p
2400,p
320,p
3806,p
5521,n
4022,p
3463,p
795,p
1511,p
2679,p
5397,p
3998,p
664,p
5767,p
3305,n
1767,n
4679,n
938,n
1435,p
2301,n
1826,p
5614,p
3782,n
1372,p
3979,n
467,n
4854,p
4430,n
4116,p
4217,p
4684,n
3812,n
5277,p
5752,n
3372,n
2637,p
5311,p
1778,p
1953,p
4416,p
4107,n
4649,p
5738,n
25,p
3052,p
1830,n
2489,p
949,p
3820,p
3822,p
4011,p
5135,p
3374,p
2058,n
5472,p
1039,p
4976,n
4084,p
4533,p
2108,n
3899,n
1503,p
2950,p
2362,p
2935,p
4933,n
4467,p
3152,p
4444,p
1656,n
1875,p
4029,p
4299,n
4292,p
3419,p
4837,p
5079,n
3420,n
3157,p
4480,n
5198,n
5606,n
4007,n
4692,n
5393,p
5839,n
4219,n
2129,p
1428,n
633,n
2810,n
2873,n
1458,p
4884,n
5234,p
5417,p
438,n
5796,n
2883,p
2205,p
2412,n
4428,p
5143,n
126,p
1213,n
3056,p
2768,p
3220,p
198,n
2397,n
5101,n
1031,p
114,p
1296,p
2079,p
4740,n
3290,n
2985,n
6067,p
1659,n
5465,n
3694,p
4832,n
1119,n
4081,p
4920,n
2564,p
5633,n
3355,p
1261,p
1253,p
8,p
3973,p
1049,n
1043,p
5592,n
3044,p
2732,n
536,p
2003,p
1128,p
5213,n
2760,p
1420,n
4058,p
489,n
986,p
2596,p
4595,p
1194,n
1098,p
946,p
4549,p
3975,p
915,n
4917,n
4017,p
585,n
1955,n
3332,p
5049,p
3844,n
3393,n
5853,n
4529,n
5125,p
4773,n
526,n
3234,p
6007,n
5425,n
3199,p
365,p
5977,n
939,n
1682,n
2331,n
765,p
876,p
1284,n
2426,p
5992,n
2443,p
3335,p
3537,n
2545,n
5258,n
4046,p
18,n
1011,n
2991,p
5468,n
471,n
2013,p
499,p
960,n
3587,p
3816,p
4780,p
2798,p
1863,n
3293,p
157,p
5600,p
1333,n
4900,p
4031,p
3777,p
3130,n
3183,p
4089,p
1891,p
3981,p
2481,p
3986,p
1653,p
5502,p
2958,p
2976,p
5031,p
3968,n
2619,p
687,n
2919,p
4563,p
1625,p
6019,p
1215,p
4899,p
2410,p
2292,p
2490,p
1941,n
1243,p
4100,n
2224,p
5170,p
2740,p
3232,p
3598,p
4754,n
2340,p
3877,n
140,p
4793,n
555,n
1797,p
337,p
2514,n
5519,p
3029,p
4354,p
4975,p
1053,n
3079,n
5798,n
5293,p
4814,n
1812,p
4305,p
5354,p
1286,p
5399,n
4656,n
3783,p
343,p
1984,p
794,n
4777,n
1924,n
5667,n
2774,p
1412,p
2019,p
5144,n
2012,n
163,p
766,n
2316,p
492,p
3863,p
6054,p
4118,p
2551,p
4102,p
3007,p
5959,p
2630,n
4795,p
1788,n
4404,p
1676,p
2954,p
3175,n
4600,n
1472,n
1576,n
2573,p
5627,p
26,p
3929,p
2779,n
2703,p
2233,p
3141,n
1034,p
3203,n
89,p
1290,p
3761,n
3057,n
5219,n
4539,p
3847,n
5729,p
661,p
3023,p
1495,p
312,n
1075,n
3375,n
4343,n
3184,n
4120,p
4243,p
4431,p
5904,n
2888,n
2459,n
494,n
5525,n
1700,p
2354,p
1992,n
1520,p
846,n
3477,p
760,n
5218,p
4844,p
3162,n
1187,p
1911,p
372,p
3467,n
1484,p
5978,p
5531,p
3362,p
3917,n
5048,n
4577,p
3989,p
3327,n
1513,p
1185,n
753,p
2366,p
3403,p
3389,p
2749,n
3772,p
3238,n
4657,n
2863,p
1362,n
4355,p
2335,n
4356,n
2508,n
5746,p
4218,n
1313,p
1149,n
2581,n
5569,n
449,n
1099,p
1392,p
463,n
4138,p
5068,n
5864,p
4703,p
909,p
3478,p
2100,p
1897,n
2864,p
2380,p
1912,p
4207,p
2417,p
1125,p
279,n
510,n
3509,n
5883,p
4482,p
5175,p
5324,p
1806,n
5852,n
908,p
4990,p
1557,n
1401,p
4929,n
3338,p
6022,p
1191,p
3301,p
115,p
2382,p
2916,n
5866,n
4812,n
1395,p
3169,n
2027,n
5715,n
1611,p
4034,p
4378,p
940,p
575,p
1967,p
1487,p
1233,p
5443,p
2107,n
2606,p
5892,n
2832,n
2771,p
4919,n
3001,n
6009,p
3337,p
648,p
2700,n
911,p
5520,p
681,n
1051,p
757,p
4190,n
4423,p
5070,p
3972,n
744,n
298,p
2720,n
3736,p
2780,n
2179,n
3560,p
3282,n
604,n
5745,n
4500,n
1672,p
4606,p
2405,p
5474,n
1892,p
1323,p
1312,p
168,p
5206,n
2466,n
5222,p
4953,n
2195,p
2067,n
3418,p
4922,n
55,p
2824,p
3176,p
1952,p
3039,n
2999,p
4873,p
1540,n
3445,p
5171,p
5889,n
1060,p
4021,n
953,p
402,n
2099,n
2583,p
4538,p
2524,n
730,n
5018,p
3143,p
2006,n
808,n
2206,p
5719,n
4455,p
432,p
3946,p
2149,p
4309,p
4246,n
1070,n
4786,p
3807,p
1217,p
184,p
4598,p
1223,p
5960,p
197,n
5635,p
4032,n
1470,p
4758,n
3541,p
6006,n
1572,n
1580,n
2811,p
5477,p
6039,p
4798,p
2731,n
5386,p
3266,p
5795,n
4178,n
5741,n
2439,p
3495,n
5571,n
5966,n
5827,p
4012,p
819,p
5701,n
4231,p
3757,n
935,p
2114,p
1893,p
2090,p
5595,n
4448,n
3288,p
733,n
3511,n
749,p
166,p
2996,n
1479,n
491,p
2914,n
3665,p
2504,p
299,p
3612,n
2729,p
5151,p
2942,p
5036,n
2647,p
1945,p
3208,p
919,n
86,n
4697,n
1765,p
2532,p
2770,n
3108,n
4281,n
3706,n
5996,n
1981,p
2708,p
5391,p
3321,n
2727,n
4129,n
2702,p
3369,n
2951,n
4629,p
5598,n
2406,p
2834,n
2901,p
4670,p
5466,p
3985,n
3662,p
3177,n
4307,n
3531,p
2928,p
1201,n
3885,p
699,n
1834,n
1883,p
1746,n
2482,n
3378,p
936,p
2454,n
2339,n
2252,p
3999,p
5110,p
1681,p
4250,p
1359,p
2856,p
2049,n
583,n
1110,n
861,n
2597,p
4210,p
4047,n
4098,n
2809,n
1288,p
3641,p
69,p
977,n
1424,n
3994,p
4620,n
805,p
1241,p
1756,n
2849,p
821,p
547,p
5267,p
5815,n
2748,p
5002,p
4429,n
1930,p
3638,p
4304,p
2465,n
1422,p
4942,n
2884,p
3501,p
4762,n
4520,p
994,p
2181,p
1297,p
5751,n
3230,n
2166,p
160,p
2295,n
3596,n
974,n
1774,p
3984,p
2745,p
1292,p
3189,p
4412,p
5227,p
1633,p
883,n
3900,n
1542,p
4414,p
4340,p
4936,n
2069,p
1589,n
5015,p
2947,n
2216,n
2095,p
5696,p
2075,p
472,n
5951,n
293,n
1501,p
5153,n
5109,n
209,p
933,n
2570,p
2660,n
4643,p
5394,p
1792,p
1167,p
3346,n
502,n
4477,n
1622,p
3316,p
5684,n
3577,p
5105,p
5759,n
5246,p
584,p
113,p
3737,p
4583,n
4080,p
5137,p
659,n
5404,n
1720,n
3644,p
6005,n
5777,p
314,p
4302,p
790,n
2812,p
995,n
48,n
3685,p
4611,p
549,p
2345,n
6040,p
4765,p
3192,p
155,p
1651,p
4464,n
1562,p
4609,p
346,p
5692,n
1159,p
528,n
1838,n
1507,n
1436,n
4642,p
4977,n
1029,p
1712,p
3260,n
2157,n
5470,p
1140,n
4234,n
4484,p
4146,p
4694,p
982,p
1443,p
1122,p
4236,p
3430,p
1285,n
1485,p
2289,p
1559,p
5294,n
2890,p
1384,n
4603,p
1221,p
5540,n
2351,p
1433,n
5972,n
5348,p
930,n
2965,n
522,p
4345,p
4840,n
5262,p
548,p
1137,p
2561,p
4196,p
3585,p
3759,n
565,n
1337,p
5867,p
2519,n
125,n
1403,p
3250,p
4984,n
3949,p
2284,p
912,p
1068,p
4288,p
20,p
1711,p
193,n
2183,p
2232,p
1427,p
5901,p
2622,n
1054,p
623,n
1353,p
33,p
1106,n
4158,p
5228,p
1528,n
2769,p
1447,n
2045,p
233,p
2447,n
2530,p
5624,p
164,p
3116,n
2208,p
3434,p
2917,n
1069,p
3539,p
5248,n
692,n
2848,p
5841,n
5120,p
3004,p
3568,p
3512,p
4319,n
4890,n
2492,p
3094,p
4353,p
1025,n
1311,n
317,p
4673,n
4062,n
5909,p
236,p
3475,p
4871,n
3856,p
2546,p
410,n
2296,p
5926,n
148,p
5050,n
3376,p
2829,n
4613,p
2538,n
427,n
3507,n
120,p
5060,n
2733,n
877,p
4548,p
2457,n
2631,n
2353,n
1731,p
3423,p
5843,n
1406,p
3796,p
4142,n
5490,n
4891,n
1355,n
1324,p
5085,p
1207,p
4829,n
3645,p
4989,n
2381,p
1735,p
4633,p
5830,n
4774,p
4546,p
4439,p
865,n
1543,p
5733,n
1862,n
5724,n
4311,n
6053,p
2933,n
3498,p
4651,p
3758,p
1913,p
4318,p
4978,n
3262,p
5922,p
4248,p
4490,n
1393,n
1601,n
1923,p
3100,p
3123,p
4238,p
5236,n
5064,p
5283,n
4105,n
5558,p
195,n
2498,p
2371,p
5275,p
2735,p
2386,n
422,n
5888,n
6038,n
4846,n
5224,n
2121,p
1643,n
1163,p
2428,n
3974,p
710,n
4192,n
3627,p
1795,n
5368,n
4804,n
3866,p
4223,p
1704,n
4938,n
2350,n
2501,p
2777,p
3062,p
5505,p
5823,p
3227,p
577,n
117,p
4083,p
2118,n
2580,p
5338,n
5437,p
3135,p
4994,p
3630,p
721,n
5149,n
2617,n
1497,n
276,n
223,p
1387,p
1709,p
149,n
4729,n
4893,n
1526,p
670,n
4757,n
5683,n
1836,n
5872,p
6042,p
3082,p
1418,p
1400,n
147,p
1548,p
4377,n
272,n
5817,p
3319,p
3075,p
206,p
5304,p
5025,p
3779,n
5318,p
5549,p
1391,n
10,p
1577,n
5765,n
4099,n
3265,p
4866,n
1527,n
1449,p
1946,n
5256,p
3451,p
1985,n
4176,p
333,p
5220,p
6043,p
3962,n
1094,p
1619,p
3060,n
4424,p
3415,p
2946,n
2040,p
1197,p
4792,p
5455,p
3922,n
1944,p
1749,p
3887,n
3067,p
2220,p
4650,p
1547,p
2845,p
4048,p
4869,n
1515,n
4108,p
4481,n
4664,n
5086,n
5723,n
544,p
2503,p
5355,p
378,n
5910,n
3277,p
1508,n
3036,n
3026,p
4060,p
4411,n
1898,p
1722,p
803,p
5761,n
3554,n
2726,p
1983,p
200,n
1124,p
669,n
4441,p
136,p
3629,p
5308,p
1469,p
1689,p
1210,p
3901,p
5239,p
216,n
4331,p
4220,n
4503,p
5097,n
2925,p
5807,n
5605,p
1156,p
3206,n
741,n
2140,p
121,n
219,p
557,n
3488,p
5315,p
5555,n
4472,p
507,n
3159,n
2680,p
1230,p
508,n
3243,p
2209,n
746,p
4624,p
2967,n
3125,p
3171,p
2628,p
5093,p
63,n
2191,p
4390,p
4982,n
2859,p
1538,p
2002,p
1476,p
2714,n
2057,p
1437,n
107,p
130,p
925,p
5757,n
568,n
1723,n
5985,n
4475,p
30,n
1708,n
4316,p
4543,n
1574,n
1705,n
3241,n
354,n
6001,n
3119,p
498,n
4252,n
6017,p
1694,p
1218,n
1488,p
5473,p
1960,p
1570,p
2268,p
4228,p
3784,n
3522,p
3406,p
2789,n
768,n
87,p
3315,n
3670,p
5112,p
1153,p
698,n
2620,p
4904,n
4593,p
5577,p
1702,p
1459,p
2587,p
5298,n
2594,n
2134,n
781,p
2135,p
1279,p
2823,p
3088,p
5147,n
2444,n
1367,p
3115,p
380,n
3386,n
4076,p
5732,n
3350,p
397,n
5131,p
5336,p
2083,p
3325,p
4842,n
284,p
4928,n
4050,n
3828,n
2775,n
389,n
732,p
5707,n
3387,n
5778,n
3884,p
2790,n
1568,p
2415,p
3947,n
3643,n
683,n
1281,p
2328,p
4442,p
4806,n
6066,p
3695,p
2795,n
483,p
6046,n
3061,n
1670,n
1302,p
2014,p
2889,n
203,p
5115,p
23,n
5958,p
1958,n
1157,p
5537,p
2112,n
4295,p
6024,n
5204,n
3460,n
5825,n
152,p
3063,p
4366,p
5590,n
3928,p
313,p
525,p
3058,p
5117,p
2383,p
4911,n
5748,p
2081,p
532,n
2329,n
2736,p
2154,n
809,n
14,n
835,n
4093,p
5859,p
630,n
3584,n
5678,p
2300,n
780,n
173,n
703,p
2989,n
386,p
5860,n
2715,p
221,n
488,n
409,n
3359,p
2467,p
5779,n
435,p
4535,n
4015,n
5642,p
3161,n
2934,n
127,n
1022,p
1591,p
1419,p
1810,n
921,p
5610,n
2687,n
1113,p
857,n
371,n
5806,n
1380,p
5489,p
4955,p
3904,p
1271,n
361,n
1627,n
2343,n
1536,p
1790,n
2675,p
1677,n
1079,p
4148,p
480,n
455,p
717,p
269,p
4788,n
3097,p
308,p
5107,p
3025,p
4983,p
1332,p
3843,n
64,p
900,n
5896,n
4615,n
5810,p
5146,p
758,p
2655,n
3997,p
1561,p
4486,p
3449,p
3749,n
5912,n
1150,n
311,p
2087,p
3120,p
5742,p
5934,n
3448,p
1336,n
458,n
4998,p
2424,n
3219,n
2830,n
5392,p
4751,n
3959,p
5984,n
2464,p
3399,p
5210,p
2979,n
3763,p
5182,n
4225,n
4969,p
628,p
2973,n
58,n
4809,n
4834,n
1554,n
5367,n
332,p
72,n
5004,n
265,n
5410,p
306,n
1888,n
5854,n
5720,n
4143,n
1477,p
2390,n
4198,p
5762,n
4932,n
5252,p
5849,n
5080,n
740,n
1809,n
5359,p
5264,p
2531,n
3583,p
5008,p
533,n
5364,n
3914,p
801,n
1901,p
2403,n
4388,p
5957,p
4547,p
3565,p
1741,n
1136,n
4394,n
4061,n
524,p
3349,p
5654,p
4019,p
5913,p
1151,p
213,p
1978,n
5990,n
1199,p
1696,n
3339,p
2151,p
3480,n
1455,n
4760,p
5884,p
5448,n
1493,p
5998,n
592,p
3748,p
19,p
4245,p
887,n
390,n
4988,p
937,p
4586,n
1971,n
1184,p
3297,p
2263,p
5808,n
4970,p
5641,n
5306,p
5916,p
3008,p
3508,n
4398,p
2235,n
2280,n
5881,n
1358,p
3142,n
2156,n
2376,p
1791,p
1870,p
3741,p
4187,p
4892,p
2176,p
5178,n
1208,p
754,p
2138,p
1262,p
4126,p
5944,p
1307,p
5596,n
5656,p
2004,p
5882,p
5834,n
3382,p
4020,p
5231,n
3194,p
4582,p
3740,p
358,p
5221,p
2333,p
2368,p
682,n
4154,p
5029,n
2787,n
5675,p
1968,n
2433,n
5784,n
5579,n
1446,n
2167,n
2491,n
1904,p
2435,n
2442,n
2659,p
5184,p
1922,p
957,n
4612,p
3666,p
263,p
5557,p
4314,p
4285,p
3891,n
3655,p
4744,n
5709,n
227,n
215,p
4041,p
5837,n
2786,p
5237,n
837,n
264,p
6018,p
1474,p
1306,p
3874,p
2370,p
534,n
2555,p
5180,p
4992,n
2624,p
362,n
3992,n
2375,n
374,p
2535,p
1564,p
2886,p
231,p
5374,p
2131,p
6003,n
4525,p
2106,n
101,p
4590,n
1730,p
3221,n
3244,p
4086,n
944,n
1352,p
274,n
4816,n
4313,p
2436,p
3129,n
4131,p
3814,n
3051,p
4327,p
5899,n
207,n
1661,n
5272,n
1183,p
4530,p
810,n
924,p
903,p
2988,p
3429,p
3780,p
523,n
3718,p
3437,p
4923,n
2269,p
1613,n
2194,n
1329,p
4376,p
3640,n
1335,n
822,p
2862,p
2866,n
4558,p
4857,p
495,n
550,n
2311,n
4381,n
2178,n
663,p
4705,p
3038,p
1587,p
1192,p
3021,p
225,p
1760,p
254,p
5249,p
5255,p
1805,p
3525,p
4310,n
4128,n
2571,p
1299,p
5027,p
2290,p
4097,n
4493,p
2462,n
5953,n
655,n
4509,p
181,p
833,p
3322,p
929,p
556,n
302,p
3767,n
742,p
1451,p
3083,p
4713,p
28,p
2025,n
3751,p
2592,p
347,n
1956,p
3937,n
2266,p
5584,n
2441,p
3607,p
4967,n
2273,p
1716,p
4743,n
3865,p
3212,p
3514,n
1464,p
2279,p
520,n
3795,p
1274,p
258,p
932,n
4213,n
3764,p
711,n
1837,p
5541,n
3015,n
330,p
2718,p
4272,p
2924,p
2096,n
3821,p
340,p
2804,n
646,n
5402,n
486,n
5033,n
3905,n
1804,p
2969,n
3089,p
5265,p
3461,n
1301,n
323,n
4333,p
2562,p
4676,n
5601,p
3861,p
5871,p
4494,p
1227,n
689,p
1414,p
146,p
831,p
3886,p
2097,p
2309,n
3410,n
1371,p
2238,n
275,n
49,p
3882,p
5426,p
1975,n
2636,n
1415,n
5964,p
4667,p
3090,p
2086,p
2272,p
3852,p
5754,n
785,n
1835,n
959,n
4930,p
3566,p
329,n
53,n
538,n
3354,p
1957,p
3697,p
1042,p
3137,p
5312,n
3593,n
5188,p
4325,p
1214,p
928,p
5299,p
778,p
4349,p
2648,p
4785,p
1247,p
5515,p
3686,p
673,p
2391,n
1289,p
4405,n
5003,p
5616,p
603,p
3414,p
3635,p
2814,p
695,p
2536,n
1581,p
1777,n
875,n
515,n
3443,p
4458,p
2697,p
5657,n
3915,p
238,n
3465,n
2803,n
3713,p
3728,p
3603,n
514,n
307,p
3200,p
5212,p
2265,p
727,p
885,n
1697,n
1212,p
3696,p
3235,n
2678,p
1867,n
4240,n
2502,p
1896,n
5743,p
5363,n
1021,n
246,n
5181,n
4787,p
5270,n
716,n
3576,p
5071,p
3458,p
1326,n
3198,p
531,n
4921,p
1432,p
950,p
784,p
2626,p
138,p
5208,n
5979,n
4710,n
2582,p
2639,n
3298,p
4284,p
2653,p
5361,n
102,p
4640,p
878,n
2077,p
5874,n
78,p
1084,p
2287,p
267,p
3752,n
627,n
4950,n
5102,p
224,p
1338,n
4167,p
419,p
5352,p
1319,p
3760,p
4132,p
3043,p
904,p
1107,p
3456,n
4092,p
1239,p
2110,p
1373,p
1026,n
1142,p
1123,n
5261,p
1578,n
5476,n
1683,p
2022,p
5419,n
294,p
4052,p
3064,p
2867,n
1061,n
922,p
4425,p
1019,n
1744,p
268,p
1174,p
4909,n
3164,n
2445,n
5923,n
5512,n
2961,n
2142,n
1468,p
3223,n
3006,n
3454,p
4672,p
2322,n
3753,p
318,p
3688,p
5457,n
3909,p
405,n
5341,p
1800,p
4264,p
5297,n
4215,n
301,p
2956,p
690,n
5931,n
2757,p
2654,p
5858,n
4324,p
3466,n
1571,p
321,p
5875,n
174,p
5776,p
2894,p
2395,p
40,n
1303,p
1280,p
3246,p
739,n
816,n
4,n
899,n
1666,n
2747,p
4427,p
1567,n
3940,n
890,n
4251,p
4499,n
1044,p
880,n
2085,p
6034,p
4283,p
5134,n
3939,p
315,n
431,n
1706,n
5989,n
1316,n
5718,p
6016,n
1825,p
2169,n
5281,p
542,n
2470,p
1008,p
1646,p
850,n
879,n
1690,p
2394,p
4239,n
719,p
3746,n
3150,p
2187,p
394,n
3575,p
3371,p
578,n
1341,p
3228,n
3104,n
3017,p
820,p
2278,n
700,n
3127,p
2020,p
958,p
1257,p
1177,n
2716,p
5868,p
2369,p
4747,p
3526,p
5087,p
1688,n
31,n
5962,n
4888,n
5773,n
1005,n
1076,n
464,p
2805,n
1405,p
4505,n
5319,n
4736,p
1725,n
1880,n
5649,p
4399,p
3602,p
1743,n
1421,n
1176,n
1334,p
5075,p
2610,n
2995,p
847,n
539,p
5781,n
3110,p
429,p
1751,n
262,n
3813,n
4294,p
232,p
4979,p
5244,p
1127,p
1544,n
5041,p
3849,p
5424,n
1919,p
2303,p
1465,p
2752,p
135,p
4608,n
5464,p
2425,p
2586,p
743,p
5890,n
5893,p
1799,p
2173,p
3170,p
2048,p
2728,p
4226,p
2742,n
4860,p
1754,p
5462,p
1882,n
1779,p
2900,p
4063,p
4761,p
1889,p
3252,p
4847,p
5195,p
5783,n
5055,n
1032,p
5740,p
5010,p
4802,n
3756,n
1861,p
948,p
4002,n
2896,p
3211,p
991,p
5725,p
3515,n
3775,p
5432,n
4289,p
2231,n
1231,n
4465,p
2813,n
560,p
2170,n
3588,p
187,n
1365,p
4674,n
1525,p
1649,n
5216,n
2506,p
3343,n
170,p
5422,p
2576,p
4357,n
5057,n
4117,p
5612,p
2906,n
52,p
2105,n
3710,p
5526,p
5863,p
971,p
1270,p
5418,n
3046,p
5522,n
5052,p
4257,p
3172,n
5254,n
3009,n
4537,p
4395,p
1626,p
6011,n
563,p
5546,p
2365,n
1840,p
4607,p
1660,p
3674,n
4858,n
461,n
5652,n
2533,p
212,p
37,n
5017,n
2248,p
5713,p
2188,p
5191,n
4521,p
249,n
1315,p
1356,p
2793,n
3991,n
1699,p
4450,n
2518,p
1434,n
485,p
169,p
188,p
4616,p
3533,n
3031,p
1055,p
3621,p
1801,n
234,p
5104,p
2198,n
2778,n
4180,p
5333,p
2577,p
5284,n
5035,n
5121,p
4753,n
2421,p
1256,n
5290,n
1868,p
2145,p
4617,n
5988,n
4735,n
771,n
1907,p
5791,n
424,p
3311,n
4755,p
5156,n
5480,p
1173,p
1133,n
2695,n
446,n
4064,n
3093,n
5098,p
4447,n
1398,n
2861,n
5435,p
5542,p
4675,p
3358,n
2163,n
1209,p
1607,n
1856,n
3727,n
1103,n
190,p
1111,p
5039,p
5905,p
2274,p
2418,p
945,n
3545,p
3361,n
2159,n
2104,p
5451,n
5044,p
3704,n
2800,p
3636,n
4177,n
3837,p
159,n
4910,p
4013,n
5793,n
1521,p
178,p
1701,n
4954,p
626,n
2158,n
1343,n
1350,n
1361,p
4334,p
3139,p
5758,n
1940,p
310,p
4822,p
2650,n
1368,p
3664,p
2182,p
2214,n
220,n
280,n
2553,p
2029,p
9,p
2222,n
3548,p
1141,p
4980,n
1832,n
3360,n
217,p
3689,p
3708,n
1979,p
3862,n
5956,p
5091,p
5161,n
2257,n
1073,p
2510,p
3481,n
1121,p
561,n
4845,p
108,p
4531,p
917,n
4262,p
85,p
817,n
6008,p
799,n
3615,p
4906,n
1145,n
2828,p
4597,p
291,p
858,n
4731,p
350,n
129,p
5927,p
4364,p
572,n
3255,n
5981,p
2656,n
4363,p
1273,p
4287,p
5126,p
128,p
5721,p
270,p
4274,n
4330,n
1857,p
3401,p
77,p
2023,n
988,p
3552,p
5836,n
5420,n
4181,n
5914,p
4567,p
3080,p
3888,n
3538,p
1796,n
2475,p
1638,n
4974,n
5006,n
889,p
5995,n
5032,n
5303,p
2034,n
3691,n
75,p
3345,p
2915,p
4960,n
4937,n
5621,p
3479,p
4721,p
475,n
5302,n
5969,p
902,p
764,p
1077,p
5160,p
309,n
5842,p
4039,p
4934,n
5648,n
2172,n
4727,p
5062,p
2127,n
5353,p
2430,p
2477,p
1146,p
983,p
4716,n
1064,p
2516,n
1091,n
927,n
3611,p
1166,p
176,p
2039,p
3589,p
653,n
2358,p
2472,p
2009,p
4193,p
1539,p
4825,n
5936,n
4101,n
3126,p
5588,p
2952,p
251,p
5593,n
558,n
5158,n
2286,p
2363,n
5730,n
4462,n
1583,p
4489,n
4460,p
1016,p
5019,n
3776,p
1929,n
2980,p
4371,p
4247,n
4216,p
1639,p
5230,p
484,n
1260,p
684,n
1452,p
2440,p
1087,p
892,p
6020,n
2616,p
4212,p
882,n
1678,n
5459,n
3240,p
3690,n
305,p
4853,n
2056,p
1264,p
5500,n
4887,p
4326,n
4506,p
2661,n
4275,p
552,p
834,n
1224,p
2710,p
4826,n
4230,n
2520,p
3167,p
3932,n
17,n
914,p
5128,n
2267,n
1764,p
345,p
487,p
4734,p
3527,p
5132,p
3679,p
3462,p
1726,p
830,n
177,p
990,p
2899,n
5326,n
4115,p
797,p
3875,n
2918,p
5414,n
2493,p
3924,n
3927,p
4723,n
1100,p
3935,n
5974,p
2392,n
3092,n
1747,p
5189,n
853,p
1438,p
1389,p
4947,n
1138,p
4997,p
5323,p
5196,p
5971,p
590,p
4317,n
1440,p
1514,p
3676,n
4886,p
3101,n
1408,p
5021,n
1117,p
2414,p
2325,p
3173,p
642,n
2756,p
2229,p
109,p
5554,p
443,n
2230,n
5154,p
2601,p
1950,n
5911,n
4137,n
5243,p
806,p
855,n
1216,n
3446,p
636,n
4519,p
2432,p
5116,p
2307,n
2887,n
2031,p
3400,p
3712,p
2437,p
3214,p
2314,p
2557,p
595,p
1386,n
2879,n
5067,n
631,n
5395,p
4298,p
1518,n
3310,n
1662,p
5058,n
751,p
3299,p
2921,p
5800,n
3831,n
465,p
2693,p
4232,p
437,p
2549,p
1317,n
4581,n
3196,n
4663,n
2669,n
285,p
454,n
118,p
5582,n
2483,n
2190,p
4191,n
2608,p
3754,p
2487,p
979,p
47,p
573,p
2613,p
2713,n
2839,p
3925,p
1734,p
660,n
4875,n
399,p
3018,p
3871,p
4051,p
3113,n
2684,n
4266,n
4209,n
2981,p
4769,n
1827,p
4732,p
2336,n
3114,p
261,p
505,n
1222,p
1164,n
5122,p
4952,n
4662,p
5092,p
2876,n
1081,p
4185,n
5081,p
3028,p
186,p
3923,n
6062,n
2030,n
2347,n
1535,n
1486,p
5548,n
2281,n
2072,n
2903,p
4090,p
2963,p
761,p
5108,p
638,n
1165,n
1228,n
2346,n
5370,n
5043,p
1982,p
923,p
3957,p
3493,n
370,n
3910,n
4838,p
2399,n
4843,n
5880,p
32,n
2527,n
639,n
5142,n
4169,p
1126,p
3091,p
5119,p
3868,p
3529,n
5053,p
3147,p
4183,n
2843,n
3033,p
2051,p
1558,p
3218,p
3185,p
3921,p
5575,n
2148,n
5788,n
2461,p
1757,p
5452,p
4413,n
5517,p
3890,p
1522,p
3444,n
5535,p
1869,n
2674,p
1608,n
1685,p
1246,p
4419,p
3259,n
3397,n
2060,n
5760,p
1841,p
1206,n
4109,p
3803,p
3245,p
1965,n
46,p
1776,n
671,p
4256,n
5488,n
2941,n
3457,p
1713,n
5235,p
172,n
3005,p
3850,p
2772,p
5382,p
5982,p
2074,n
4545,n
4819,n
287,p
5530,n
5187,n
1320,p
3497,n
2312,p
652,p
5822,n
1899,p
3846,n
1482,n
3069,n
5344,n
3743,n
5928,p
2722,p
4737,p
5898,p
4068,p
1347,n
1906,n
1115,p
4759,n
3505,n
4282,p
5524,p
1314,p
1969,p
2762,p
527,n
1783,p
4515,p
4149,n
